,Message,Favourite Count,Retweet Count,Created At,Source,Username
0,"Malnutrition is the single greatest health inequity in the world. In its 2019 State of the World‚Äôs Children report,‚Ä¶ https://t.co/G8Cm5kgeGX",5424,1179,2019-10-21 11:53:00,Sprinklr,Bill Gates
1,The world‚Äôs poorest people often rely on farming both to feed their families and to earn an income. They will be am‚Ä¶ https://t.co/fZJCCR6Bhc,7700,1627,2019-10-20 23:10:00,Twitter Media Studio,Bill Gates
2,"Congrats to Esther Duflo, Abhijit Banerjee, and Michael Kremer for winning this year‚Äôs @NobelPrize in economics. I‚Äô‚Ä¶ https://t.co/CF8prB94QM",6156,941,2019-10-19 17:05:00,Sprinklr,Bill Gates
3,"The world is facing a crisis at the dinner table, one that climate change will only worsen. I‚Äôm optimistic about th‚Ä¶ https://t.co/HToIC1QgCa",4651,724,2019-10-18 20:00:00,Sprinklr,Bill Gates
4,The odds of dying of AIDS in South Africa are less than half what they were at the peak. That progress wouldn‚Äôt hav‚Ä¶ https://t.co/XLVdgygAa5,3915,589,2019-10-15 19:58:30,Sprinklr,Bill Gates
5,We need more approaches to stopping #Alzheimers disease. I‚Äôm excited to see this news out of @DZNE_de and‚Ä¶ https://t.co/fn4C8Kl8L2,7023,1176,2019-10-12 19:14:19,Sprinklr,Bill Gates
6,I‚Äôm impressed by the international cooperation that made this year‚Äôs @GlobalFund Replenishment round possible. The‚Ä¶ https://t.co/LUoafmyCbc,4259,542,2019-10-11 20:00:00,Sprinklr,Bill Gates
7,I can‚Äôt think of a more fitting tribute to Hans Rosling and his life‚Äôs work. Hans was a dear friend to Melinda and‚Ä¶ https://t.co/JTnyGS5Z8A,3996,425,2019-10-11 18:00:40,Sprinklr,Bill Gates
8,"I‚Äôm in Lyon, France for the @GlobalFund‚Äôs replenishment ‚Äì celebrating the most money ever raised for their life-sav‚Ä¶ https://t.co/d0Md6l05i0",4863,587,2019-10-10 17:04:48,Twitter Web App,Bill Gates
9,"In Afghanistan, one of the last countries with polio, vaccine acceptance rates have reached 98% thanks to the tirel‚Ä¶ https://t.co/OcaTByMNM6",7527,1063,2019-10-09 20:09:03,Sprinklr,Bill Gates
10,"If all countries in the world had the same concentration of researchers as wealthy ones, there would be 3x as many‚Ä¶ https://t.co/zxBRlgRSlR",8789,2186,2019-10-09 14:45:36,Sprinklr,Bill Gates
11,Malnutrition is the greatest health inequity in the world. I recently spoke with my friend @AlikoDangote about how‚Ä¶ https://t.co/0LtsJfUnFz,8416,1837,2019-10-08 21:41:59,Twitter Media Studio,Bill Gates
12,I‚Äôm lucky to have known Stephen Hawking ‚Äî and he was as exceptional in person as you imagined he was. As remarkable‚Ä¶ https://t.co/j1EVES5fLd,16682,2108,2019-10-07 18:26:53,Sprinklr,Bill Gates
13,Here is the story of the day I knew what I wanted to do for the rest of my life and the influence of someone who‚Äôs‚Ä¶ https://t.co/VtGpxWC21T,7831,848,2019-10-05 12:00:03,Sprinklr,Bill Gates
14,"@TheEconomist is right: climate change touches everything and everyone -- and, unfairly, the poor and marginalized‚Ä¶ https://t.co/TnIazabKhE",936,438,2019-10-04 12:00:01,Sprinklr,Bill Gates
15,Melinda's work on behalf of women and girls around the world inspires me every day. She's committing $1 billion ove‚Ä¶ https://t.co/UVVDrrG0zb,21456,2593,2019-10-02 16:24:38,Twitter Web App,Bill Gates
16,I‚Äôm delighted that @erna_solberg has re-upped Norway‚Äôs commitment to support the work of the @GlobalFund. I welcome‚Ä¶ https://t.co/uCRJilyhqG,4326,590,2019-10-02 05:29:00,Sprinklr,Bill Gates
17,"Most people know @AlikoDangote as Africa‚Äôs wealthiest man, but I know him as one of our foundation‚Äôs most impactful‚Ä¶ https://t.co/3koaqsTDm3",24442,7205,2019-10-01 19:48:30,Sprinklr,Bill Gates
18,More and more children are living to see their 5th birthdays. That‚Äôs because the world has made incredible progress‚Ä¶ https://t.co/9p7FLKkWln,14737,2263,2019-09-30 16:23:00,Sprinklr,Bill Gates
19,It's really incredible how much time and effort goes into producing a documentary like the new @netflix series I pa‚Ä¶ https://t.co/4y8RA9OIXI,10800,987,2019-09-27 14:20:02,Sprinklr,Bill Gates
20,Ending poverty and achieving the SDGs requires a whole-of-government approach. @ImranKhanPTI and @SaniaNishtar have‚Ä¶ https://t.co/5uJqH2dAg3,20154,6252,2019-09-26 18:36:38,Twitter Web App,Bill Gates
21,.@sanchezcastejon‚Äôs commitment to the @GlobalFund reflects Spain‚Äôs leadership. At a time when more countries are tu‚Ä¶ https://t.co/HVAhJ0W2D7,4950,1484,2019-09-25 19:34:32,Sprinklr,Bill Gates
22,RT @gatesfoundation: The third annual #Goalkeepers19 event brings together a new generation of changemakers to accelerate progress toward t‚Ä¶,0,244,2019-09-25 12:37:38,Twitter Web App,Bill Gates
23,Sanitation is a difficult issue to take on because there are no easy solutions. Tonight we recognized the progress‚Ä¶ https://t.co/7937pJPIuM,29958,6542,2019-09-25 04:46:29,Twitter Web App,Bill Gates
24,"I had the privilege of meeting @DrElvisEze at last year‚Äôs Malaria Summit in London, and I was struck by his optimis‚Ä¶ https://t.co/Dvga2AmA9M",2852,426,2019-09-24 18:33:35,Sprinklr,Bill Gates
25,I‚Äôm excited to see world leaders and climate advocates coming together to make progress at the UNGA #ClimateAction‚Ä¶ https://t.co/SxhUl3rArw,6853,1189,2019-09-23 19:00:00,Sprinklr,Bill Gates
26,I‚Äôve always loved playing tennis. Maybe this is why. See more deleted scenes from the @netflix series about my life‚Ä¶ https://t.co/s6TZeRa8ot,7632,830,2019-09-22 14:10:11,Twitter Media Studio,Bill Gates
27,"I am hopeful that we can substantially alter the course of Alzheimer‚Äôs disease. This World Alzheimer‚Äôs Day, join me‚Ä¶ https://t.co/00Em1RetgG",14010,4859,2019-09-21 12:23:00,Twitter Media Studio,Bill Gates
28,The docuseries about my life and work is out today. I hope you‚Äôll check it out on @netflix ‚Äî and then read some of‚Ä¶ https://t.co/Z3AJvdukhw,9784,1470,2019-09-20 19:45:31,Sprinklr,Bill Gates
29,Adapting to climate change requires support from governments and businesses to ensure those most at risk have the o‚Ä¶ https://t.co/wA7SJcgkRr,4140,814,2019-09-20 11:53:00,Sprinklr,Bill Gates
30,The new docuseries that looks at my work is out tomorrow. I hope you check it out on @netflix. I can‚Äôt wait to hear‚Ä¶ https://t.co/7sQck1yy3X,17062,3283,2019-09-19 23:38:52,Twitter Media Studio,Bill Gates
31,"As governments invest more in primary health care systems, overall health outcomes improve. Here‚Äôs how:‚Ä¶ https://t.co/PAQuourGXa",2999,555,2019-09-19 16:27:01,Sprinklr,Bill Gates
32,Melinda and I started out ahead. But hundreds of millions of people around the world have to overcome hurdle after‚Ä¶ https://t.co/0mhCkpjSof,5303,979,2019-09-18 18:13:32,Sprinklr,Bill Gates
33,Health and education are improving everywhere in the world. But the gap between countries‚Äô progress can be enormous‚Ä¶ https://t.co/QDp81vaLMv,5104,815,2019-09-17 21:57:01,Sprinklr,Bill Gates
34,The Lasker-Bloomberg Public Service Award is a well-deserved recognition of @gavi's life-saving work. Congratulatio‚Ä¶ https://t.co/5gxMmN0HRv,3243,367,2019-09-12 16:07:00,Sprinklr,Bill Gates
35,"Congratulations @BradSmi and @CarolAnnBrowne! Your insights have never been more relevant, and I am glad others wil‚Ä¶ https://t.co/ZbLg0ECuYf",2682,263,2019-09-10 17:51:31,Twitter Web App,Bill Gates
36,"Today, it‚Äôs difficult for researchers to diagnose #Alzheimers patients early enough to intervene. A reliable, easy‚Ä¶ https://t.co/uYqtjWZEav",6770,1190,2019-09-07 12:00:01,Sprinklr,Bill Gates
37,Here‚Äôs a remarkable statistic: Nearly 1.1 billion fewer people are living in extreme poverty today than in 1990.  B‚Ä¶ https://t.co/f9vpmYNYXC,8992,1955,2019-09-07 01:29:54,Sprinklr,Bill Gates
38,The fact that a quarter of the kids born on the planet don‚Äôt get the right food to develop is a mind-blowing traged‚Ä¶ https://t.co/FRuCNA0qV5,8222,1615,2019-09-04 16:39:17,Twitter Media Studio,Bill Gates
39,"Climate change is one of the toughest challenges facing the world. But don‚Äôt despair‚Ä¶

Scientists and entrepreneurs‚Ä¶ https://t.co/eOXr1S97hr",7816,1402,2019-09-01 12:00:01,Sprinklr,Bill Gates
40,Manufacturing steel is one of the largest sources of greenhouse gas emissions. Boston Metal is working to change th‚Ä¶ https://t.co/Xf9uzGmZnY,5767,1131,2019-08-31 17:05:23,Twitter Media Studio,Bill Gates
41,"Tuberculosis is still the leading infectious cause of death worldwide. To #EndTB, we need to continue to develop sa‚Ä¶ https://t.co/KnOwQmn5fi",6123,991,2019-08-30 11:54:00,Sprinklr,Bill Gates
42,"Whenever I hear an idea for what we can do to keep global warming in check, I always ask this question: ‚ÄúWhat‚Äôs you‚Ä¶ https://t.co/68GxhslFhN",8751,1885,2019-08-27 18:59:00,Sprinklr,Bill Gates
43,"Germany, Italy, and the European Commission have demonstrated great leadership with their commitments to the‚Ä¶ https://t.co/JXmHiW8ypO",4583,835,2019-08-27 08:06:35,Sprinklr,Bill Gates
44,"When I think about the world I want for my children, I know that #EqualityCantWait. When women and men can reach th‚Ä¶ https://t.co/o93xxXaNlt",5769,1037,2019-08-26 21:35:00,Sprinklr,Bill Gates
45,"Canada‚Äôs $930 million commitment to the @GlobalFund is a big step towards saving millions of lives. Their pledge, a‚Ä¶ https://t.co/nVgzlrU5Wa",4780,698,2019-08-23 21:29:27,Sprinklr,Bill Gates
46,"If we want to give our kids the best chance possible to succeed after high school, we need more teachers like‚Ä¶ https://t.co/YNxA4ZyUgm",4822,529,2019-08-22 12:00:01,Sprinklr,Bill Gates
47,Today marks three years since Nigeria's last wild poliovirus case. This progress wouldn‚Äôt have been possible withou‚Ä¶ https://t.co/syaeFcPLJd,12455,2126,2019-08-21 17:14:01,Sprinklr,Bill Gates
48,"Tomorrow is #WorldMosquitoDay, when we recognize all of our partners and grantees who are fighting against the worl‚Ä¶ https://t.co/Gtqs9x2k2l",6121,1337,2019-08-20 03:04:34,Twitter Media Studio,Bill Gates
49,"I never really learned how to cook. I‚Äôm finally learning my way around the kitchen, though, thanks to Robert Hand:‚Ä¶ https://t.co/pOpW7x5tAX",8197,804,2019-08-17 14:13:00,Twitter Media Studio,Bill Gates
50,Four billion people are at risk from mosquito-borne diseases. We can get that number down to zero if we invest in n‚Ä¶ https://t.co/a0CAhBgYR0,9321,1815,2019-08-14 20:13:00,Sprinklr,Bill Gates
51,I learned a lot from Washington State Teacher of the Year @_MrHand about creating a classroom where kids want to be‚Ä¶ https://t.co/RwtyMoqq2X,4746,513,2019-08-14 11:48:00,Sprinklr,Bill Gates
52,"Melinda and I are big fans of @DonorsChoose, and we were thrilled to learn that @WKamauBell is, too. Today, when yo‚Ä¶ https://t.co/hisHofhp9l",5184,785,2019-08-13 14:32:17,Twitter Media Studio,Bill Gates
53,"When teachers have the right tools, there‚Äôs no telling where it will take them. Today, when you give to‚Ä¶ https://t.co/mOzBeKVxxC",6505,1154,2019-08-13 11:30:00,Sprinklr,Bill Gates
54,Being poor isn‚Äôt cheap. It‚Äôs hundreds of times more expensive to use charging stations than it is to charge a phone‚Ä¶ https://t.co/5Wz2O0KWgi,12412,2120,2019-08-10 15:33:55,Sprinklr,Bill Gates
55,"Whenever I want to understand something better, I pick up a book. Here are some of the best ones I‚Äôve read so far t‚Ä¶ https://t.co/Gm0HnyPieW",13917,2128,2019-08-09 14:20:28,Sprinklr,Bill Gates
56,There is no question that reliable electricity unlocks a better life for people. But can we power the world without‚Ä¶ https://t.co/TX89IYK8ar,7144,1042,2019-08-07 16:57:44,Sprinklr,Bill Gates
57,"Think back to the last time you experienced a power outage. If you live in New York, you don‚Äôt have to think that f‚Ä¶ https://t.co/BgezIPxLR3",7707,1504,2019-08-05 17:48:29,Sprinklr,Bill Gates
58,"Five years ago, India was declared polio-free. This incredible milestone was made possible by the health workers, g‚Ä¶ https://t.co/xQTPqO8JXj",14069,2100,2019-08-01 17:21:00,Sprinklr,Bill Gates
59,"What if we really are all in this together? In this fascinating book, @NAChristakis explains why and how humans evo‚Ä¶ https://t.co/1GI9BvvZsq",4745,700,2019-07-29 18:42:01,Sprinklr,Bill Gates
60,10 breakthrough technologies that could help us feed the world and fight climate change at the same time. https://t.co/u8zStX4iwQ,5971,1383,2019-07-29 15:00:01,Sprinklr,Bill Gates
61,It's hard to overstate how important finding a better diagnostic is for fighting #Alzheimers. That‚Äôs why I‚Äôm invest‚Ä¶ https://t.co/47n6kC3jfD,14545,2139,2019-07-29 00:00:00,Sprinklr,Bill Gates
62,"If you read one article about climate change this week, check out this one from @voxdotcom. Government support for‚Ä¶ https://t.co/mun7s4P1Dw",9081,1467,2019-07-26 16:18:00,Sprinklr,Bill Gates
63,Are our similarities powerful enough to overcome our differences? ‚ÄúBlueprint‚Äù is an optimistic (and terrific) book‚Ä¶ https://t.co/jgaVOfk40Y,3944,599,2019-07-23 20:23:32,Sprinklr,Bill Gates
64,"I usually wait until the end of the year to share good news that you might have missed, but I couldn‚Äôt resist shari‚Ä¶ https://t.co/QpyZG38Y2F",5202,1045,2019-07-21 23:52:00,Sprinklr,Bill Gates
65,Can you imagine an aircraft engine in your car? The @ARPAE Summit is one of the coolest places to learn about new e‚Ä¶ https://t.co/dYPOUnFNfl,5597,717,2019-07-20 12:00:00,Sprinklr,Bill Gates
66,The people who will suffer most from climate change are the ones least responsible for it. Here‚Äôs how we can help t‚Ä¶ https://t.co/GyRTbQ3PPG,8841,2014,2019-07-19 21:58:08,Twitter Media Studio,Bill Gates
67,This is something I would have loved as a kid: @MicrosoftStore is hosting a series of free Camp Know Where events a‚Ä¶ https://t.co/umTr600RP8,13762,2116,2019-07-18 16:33:24,Sprinklr,Bill Gates
68,"What political and economic changes are needed to address climate change? If you‚Äôre between 16 and 25 years old, sh‚Ä¶ https://t.co/DarRwwvtq1",3750,746,2019-07-18 11:18:00,Sprinklr,Bill Gates
69,Last year @GatesUS invested $92 million in networks of schools that are working together to improve student outcome‚Ä¶ https://t.co/UKhK7z6QKj,4487,567,2019-07-17 22:47:14,Twitter Media Studio,Bill Gates
70,I recently wrote about how people with tech skills can find fascinating problems to work on in global health and de‚Ä¶ https://t.co/ANi6qJVDeH,7303,1463,2019-07-15 03:18:27,Sprinklr,Bill Gates
71,"‚ÄúFathers who help unlock their daughter‚Äôs potential, standing up for their rights and raising them to believe they‚Ä¶ https://t.co/E88mw95ZpS",19820,3629,2019-07-12 16:51:00,Sprinklr,Bill Gates
72,"Nearly one billion malaria cases have been prevented since 2000, but infection rates have plateaued or even increas‚Ä¶ https://t.co/QNhIsALyIh",4857,798,2019-07-11 22:31:27,Sprinklr,Bill Gates
73,Can we feed 10 billion people? I‚Äôm optimistic that we can if we invest in research that will help poor farmers adap‚Ä¶ https://t.co/JG9t0gO5cY,9858,1815,2019-07-09 19:26:00,Sprinklr,Bill Gates
74,Nuclear power is the second-largest source of low-carbon electricity in the world ‚Äî but its growth is slowing down.‚Ä¶ https://t.co/aHzLvYqtr2,8163,2141,2019-07-03 23:20:02,Sprinklr,Bill Gates
75,I wish I had understood much earlier in my career what true inequity looks like and how to fight it. That‚Äôs why I‚Äôm‚Ä¶ https://t.co/vMbA96MYxU,5613,768,2019-07-03 17:21:01,Sprinklr,Bill Gates
76,This is the teletype that brought Paul Allen and me together. And I‚Äôm so glad that it did. Paul was one of the most‚Ä¶ https://t.co/i6g0BMFr9N,8252,839,2019-07-01 14:10:03,Sprinklr,Bill Gates
77,More people are getting their electricity from renewable sources that ever before. Here‚Äôs how we can build on the p‚Ä¶ https://t.co/bvm0sP7Ebe,5332,1003,2019-06-30 16:21:52,Sprinklr,Bill Gates
78,"Today‚Äôs commitment by @theresa_may to #StepUpTheFight against AIDS, TB and malaria will help save millions of lives‚Ä¶ https://t.co/7LNj3JX7kI",6326,948,2019-06-29 15:46:46,Twitter Web Client,Bill Gates
79,My friendship with Paul Allen changed my life. I loved sharing some of my favorite stories about him (and a few old‚Ä¶ https://t.co/BvQIBm38iB,12687,1105,2019-06-28 17:14:01,Sprinklr,Bill Gates
80,Few inventions have changed our lives as much as the battery. I‚Äôm excited that more inventors and investors are bei‚Ä¶ https://t.co/pVBxzFTJAJ,6184,976,2019-06-27 11:57:00,Sprinklr,Bill Gates
81,It‚Äôs great to see such early support from Japan in re-committing to the @GlobalFund. The support of @AbeShinzo and‚Ä¶ https://t.co/fGwXtkVNkJ,2448,336,2019-06-27 00:00:00,Sprinklr,Bill Gates
82,"I‚Äôm excited about the progress we‚Äôre making toward understanding Alzheimer‚Äôs. For the first time, @MIT researchers‚Ä¶ https://t.co/lWLXkJiqcb",8817,1767,2019-06-25 12:05:00,Sprinklr,Bill Gates
83,"I love talking about toilets. @NatGeo recently wrote about two that I think could change the world.
https://t.co/2Q521aLrDK",7931,1579,2019-06-24 12:51:00,Sprinklr,Bill Gates
84,I‚Äôm excited to see such incredible leadership from @EmmanuelMacron and the people of France towards @GlobalFund. If‚Ä¶ https://t.co/1yIDluZcfF,9660,1959,2019-06-22 04:45:00,Sprinklr,Bill Gates
85,I learned what‚Äôs possible in agriculture from studying a remarkable scientist named Norman Borlaug. If you‚Äôre curio‚Ä¶ https://t.co/IWBkbwBxpB,9887,2098,2019-06-20 16:22:00,Sprinklr,Bill Gates
86,"If you have the willingness to learn about a problem and the talent to help solve it, you can make a remarkable dif‚Ä¶ https://t.co/4URUTuqcil",4962,922,2019-06-19 16:57:15,Twitter Media Studio,Bill Gates
87,"I encourage software developers, inventors, and scientists to consider how they can use their skills to fight inequ‚Ä¶ https://t.co/0P2l9ThfOi",5620,930,2019-06-18 18:08:31,Sprinklr,Bill Gates
88,"When @goodreads asked me to share my top summer reading recommendations, it was hard to narrow down the list. https://t.co/SlVDDIDnd7",4704,688,2019-06-17 17:39:01,Twitter Web Client,Bill Gates
89,Fighting disease is like fighting fire. It‚Äôs not enough to put out most of it ‚Äî you have to get it all. @Rotary‚Äôs g‚Ä¶ https://t.co/Zio9nWxsUi,6097,870,2019-06-15 15:07:55,Sprinklr,Bill Gates
90,The fight against malaria is one of the greatest success stories in global health ‚Äî but progress has slowed in rece‚Ä¶ https://t.co/BMtUZu6QTn,4824,752,2019-06-14 16:33:32,Sprinklr,Bill Gates
91,"I was moved by this story: Bob‚Äôs daughter has Down syndrome, which puts her at a higher risk for dementia. Motivate‚Ä¶ https://t.co/UbTDVcDZWQ",4128,440,2019-06-13 16:16:32,Sprinklr,Bill Gates
92,Our foundation‚Äôs Day of Caring is one of my dad‚Äôs favorite days of the year. I know he can‚Äôt wait to hear what our‚Ä¶ https://t.co/s81X5MgeAD,5596,487,2019-06-12 16:34:01,Sprinklr,Bill Gates
93,I‚Äôm always amazed by the disconnect between what we see in the news and the reality of the world around us. As my l‚Ä¶ https://t.co/F6OwugM850,116442,45522,2019-06-11 18:58:01,Twitter Web Client,Bill Gates
94,"Thank you for being a friend, Warren: https://t.co/4hhwUvkGox #BestFriendsDay https://t.co/1hmF1WE5gC",14693,1809,2019-06-08 17:49:23,Twitter Media Studio,Bill Gates
95,I‚Äôm thrilled about the elimination of malaria from Algeria and Argentina. This news gives me hope that we‚Äôll one da‚Ä¶ https://t.co/m4oWhAVbzH,17086,2697,2019-06-08 14:56:00,Sprinklr,Bill Gates
96,"David Letterman‚Äôs newest season of #MyNextGuest has a lot of fascinating guests, but there‚Äôs one clear standout for‚Ä¶ https://t.co/1GmkRjkJx9",2809,287,2019-06-07 16:26:30,Sprinklr,Bill Gates
97,Patience: it's a valuable skill for investing and for training new employees at Dairy Queen. https://t.co/654kxGktaO,6121,632,2019-06-05 14:06:44,Sprinklr,Bill Gates
98,Warren and I recently picked up a @DairyQueen shift. I think I may have been a quicker study in the Blizzard depart‚Ä¶ https://t.co/9v7Pfyscxe,10440,1986,2019-06-04 12:07:00,Twitter Media Studio,Bill Gates
99,A powerful call to action from @angienguku on the eve of #WD2019. @melindagates and I are impatient for every mothe‚Ä¶ https://t.co/0x1RJk2E5D,3545,473,2019-06-03 04:20:50,Sprinklr,Bill Gates
100,"If you‚Äôre working on digital biomarkers for Alzheimer's disease and related dementias, I encourage you to apply for‚Ä¶ https://t.co/HgILGvvgDd",2440,334,2019-05-31 16:52:52,Twitter Web Client,Bill Gates
101,Congratulations to the first round of award recipients from @TheADDF‚Äôs Diagnostics Accelerator. Your ideas are gett‚Ä¶ https://t.co/nAUWkUUpd5,3868,402,2019-05-31 16:49:46,Twitter Web Client,Bill Gates
102,Identifying candidates for clinical trials more quickly is essential in the fight against Alzheimer‚Äôs. That‚Äôs why I‚Ä¶ https://t.co/IinZ9zQ1KB,4109,608,2019-05-30 16:22:00,Sprinklr,Bill Gates
103,"I recently sat down with one of my favorite authors, Jared Diamond. His perspective on political polarization reall‚Ä¶ https://t.co/7V2lrpkhm9",4923,730,2019-05-29 17:26:37,Twitter Media Studio,Bill Gates
104,Breakthrough Energy Ventures ‚Äì Europe will be a catalyst for innovative solutions to fight climate change. We have‚Ä¶ https://t.co/hvdDw3DW3m,4288,606,2019-05-28 19:14:00,Sprinklr,Bill Gates
105,"We need the collective effort of governments, individuals, and the private sector to tackle climate change. I‚Äôm exc‚Ä¶ https://t.co/apqvhzQZZ9",3571,490,2019-05-28 16:26:32,Twitter Web Client,Bill Gates
106,I can‚Äôt recommend these books highly enough: https://t.co/h9J71vWAcz https://t.co/3gOdcA4OaX,6826,1189,2019-05-25 14:07:00,Twitter Media Studio,Bill Gates
107,"Last year I recommended ‚ÄúBad Blood,‚Äù which is about the rise and fall of Theranos. This year I‚Äôm recommending ‚ÄúNine‚Ä¶ https://t.co/BXNxYzx70S",4100,510,2019-05-24 17:38:00,Sprinklr,Bill Gates
108,Congratulations @NarendraModi on a remarkable win in #IndianElections2019. Your continued commitment to improve hea‚Ä¶ https://t.co/5ylNvZXOpn,76463,14996,2019-05-24 14:30:27,Twitter Web Client,Bill Gates
109,"I‚Äôm a big fan of everything Jared Diamond has written, and his latest book, ‚ÄúUpheaval,‚Äù is no exception. You can do‚Ä¶ https://t.co/91I0F5Tcur",2750,357,2019-05-23 12:00:01,Sprinklr,Bill Gates
110,"This #RedNoseDay, I‚Äôm swapping out my usual summer books for something a little different. Learn how you can help e‚Ä¶ https://t.co/h0w9I6C890",6565,675,2019-05-22 20:31:01,Sprinklr,Bill Gates
111,"Whether you‚Äôre a political leader or just an armchair historian, you‚Äôll learn a lot from @BeschlossDC's book ‚ÄúPresi‚Ä¶ https://t.co/wdl4Roovad",3739,473,2019-05-21 16:42:55,Sprinklr,Bill Gates
112,This book will take you on a trip you‚Äôll never forget: https://t.co/l4IvTS9AHD https://t.co/mNkg6G9lof,5042,586,2019-05-20 22:59:06,Sprinklr,Bill Gates
113,Looking for a summer read? You can‚Äôt go wrong with one of these great books: https://t.co/xB82XMnJY9,8265,1371,2019-05-20 17:47:30,Sprinklr,Bill Gates
114,"This is great news: wind and solar power generation is expanding at record rates, allowing more people to get their‚Ä¶ https://t.co/Gp976XiPiE",7639,1727,2019-05-20 00:43:01,Sprinklr,Bill Gates
115,"Together, we can achieve what @Rotary first envisioned: a world where no child will be struck with polio ever again‚Ä¶ https://t.co/rRoWJGvCco",5013,684,2019-05-19 12:21:00,Sprinklr,Bill Gates
116,Nearly every job created since the last recession has gone to someone with a post-high school education. But which‚Ä¶ https://t.co/uz6GUviXiQ,5236,872,2019-05-17 14:47:15,Twitter Media Studio,Bill Gates
117,"A college degree is the surest path to a healthy, rewarding life and career. But which degrees and programs provide‚Ä¶ https://t.co/4TDvrYiXTo",2543,538,2019-05-16 19:21:17,Twitter Web Client,Bill Gates
118,Everyone at the @gatesfoundation looks forward to days when our trustee Warren is on campus. @melindagates and I co‚Ä¶ https://t.co/HONCGF2FBm,10480,697,2019-05-15 21:12:05,Twitter Web Client,Bill Gates
119,It is surprisingly hard to store renewable energy. Here are three startups I‚Äôm excited about that are tackling this‚Ä¶ https://t.co/vMdkkX3VqI,4665,895,2019-05-15 18:20:53,Twitter Media Studio,Bill Gates
120,It‚Äôs easy to be overwhelmed by climate change and what to do about it. I recently wrote about why I‚Äôm optimistic we‚Ä¶ https://t.co/eCdEevDcYi,4393,723,2019-05-15 00:08:26,Sprinklr,Bill Gates
121,"A fascinating discussion with computer scientist @drfeifei, historian @harari_yuval, and journalist @nxthompson on‚Ä¶ https://t.co/6ESu0FY2gr",4412,951,2019-05-13 16:08:37,Sprinklr,Bill Gates
122,"My mom was one of the most generous people I‚Äôve ever known. If I grew up #WithoutMom, I wouldn‚Äôt be the man I am to‚Ä¶ https://t.co/T3j1O0ew6P",11616,1589,2019-05-12 22:09:07,Twitter Web Client,Bill Gates
123,All my life I‚Äôve been surrounded by remarkable women. And I was moved when Melinda decided to write about two of th‚Ä¶ https://t.co/2V6tXgdaNW,22467,1375,2019-05-12 14:52:29,Sprinklr,Bill Gates
124,This fascinating #dataviz looks at how the global population pyramid is changing. With the right investments in hea‚Ä¶ https://t.co/7DipZ0ML8S,4394,1007,2019-05-11 17:31:12,Sprinklr,Bill Gates
125,I was touched when Melinda asked me to introduce her at her #MomentofLift book tour stop in Seattle tonight. I want‚Ä¶ https://t.co/FyAZWcinnV,13170,1984,2019-05-10 02:56:04,Twitter Media Studio,Bill Gates
126,2018 National Teacher of the Year @MandyRheaWrites told me about the remarkable resilience of her students. I was i‚Ä¶ https://t.co/1rXKoqOAE4,3703,325,2019-05-09 16:33:47,Twitter Web Client,Bill Gates
127,I really enjoyed spending time with 2017 WA State Teacher of the Year @farmtableteach. She showed me a neat lesson‚Ä¶ https://t.co/HKcPtOifwd,4977,841,2019-05-08 14:29:43,Twitter Media Studio,Bill Gates
128,"For Teacher Appreciation Week, I‚Äôll be highlighting some of the most impactful lessons I‚Äôve learned from educators‚Ä¶ https://t.co/PyrDhqvtMB",3296,357,2019-05-07 21:45:00,Sprinklr,Bill Gates
129,"RT @GatesUS: No one has more insight than teachers into what makes a classroom tick, or how to reach &amp; inspire a struggling student. 

Happ‚Ä¶",0,174,2019-05-07 21:24:03,Twitter Web Client,Bill Gates
130,I‚Äôve learned a lot from the career of this real-life Sherlock Holmes: https://t.co/LhCRp52KgN https://t.co/0GnuegjFep,3756,489,2019-05-06 18:34:51,Twitter Media Studio,Bill Gates
131,Melinda and I love meeting with people who are trying to change the world. Here are four of the people who inspired‚Ä¶ https://t.co/MrmYszRNMG,5915,654,2019-05-04 19:43:24,Sprinklr,Bill Gates
132,What does a ‚Äúdirt detective‚Äù do for a living? I‚Äôm eager to watch this talk from soil scientist Asmeret Asefaw Berhe‚Ä¶ https://t.co/Rw3GrZ1V3q,4994,984,2019-05-03 13:50:51,Sprinklr,Bill Gates
133,"A few months ago, Fred contributed a piece to my blog which outlined why educating the next generation of African l‚Ä¶ https://t.co/jPqGy5OhR3",2506,343,2019-05-02 21:58:14,Twitter Web Client,Bill Gates
134,"By the end of the century, almost half of the young people in the world will be in sub-Saharan Africa. https://t.co/ZiBfAgjpxx",4057,792,2019-05-02 21:58:14,Twitter Web Client,Bill Gates
135,.@FredSwaniker has an ambitious plan to unlock the talents of young Africans. I was thrilled to see him featured in‚Ä¶ https://t.co/M411GHFCxL,4173,610,2019-05-02 21:58:13,Twitter Web Client,Bill Gates
136,It‚Äôs hard for me to overstate how brave people who fight outbreaks are. They face a near-impossible task with grace‚Ä¶ https://t.co/C5HYQuTOlR,4375,527,2019-05-02 15:47:01,Sprinklr,Bill Gates
137,Congratulations @SueDHellmann on your 5th anniversary @gatesfoundation. Your leadership on some of the world‚Äôs toug‚Ä¶ https://t.co/oNvoClCO3i,2943,239,2019-05-01 23:08:51,Twitter Web Client,Bill Gates
138,The world‚Äôs historic progress to #endpolio would not be possible without the strong commitment of partners like‚Ä¶ https://t.co/pCePwNoI0U,2761,600,2019-05-01 16:30:01,Sprinklr,Bill Gates
139,"If you enjoyed the @Avengers this weekend, I think you‚Äôll be inspired by these real-life heroes:‚Ä¶ https://t.co/UISSYrSC1a",5848,1108,2019-04-30 16:31:51,Twitter Media Studio,Bill Gates
140,"It‚Äôs amazing to think about the creative ways we‚Äôve delivered vaccines over the years (even by dog sled, when neces‚Ä¶ https://t.co/im8i1Ujhel",7751,1567,2019-04-30 01:28:28,Sprinklr,Bill Gates
141,The promise and perils of gene-editing might be the most important public debate we haven‚Äôt been having widely enou‚Ä¶ https://t.co/e1LcPvW28E,5586,1182,2019-04-28 16:10:00,Sprinklr,Bill Gates
142,"One of my favorite authors, @sapinker, co-wrote a piece about why nuclear power is so important in fighting climate‚Ä¶ https://t.co/pKWclbfZcA",7199,2232,2019-04-26 13:48:13,Sprinklr,Bill Gates
143,Deaths from malaria have dropped 42% since 2000. I‚Äôm as optimistic as ever that we can get to zero deaths in our ge‚Ä¶ https://t.co/tiimK3witk,7804,1430,2019-04-25 13:52:45,Twitter Media Studio,Bill Gates
144,Stories like this one from Kenya remind me of why Melinda and I started our foundation. I'm optimistic we will cont‚Ä¶ https://t.co/XAm4jQgsVA,7266,1212,2019-04-24 11:54:00,Twitter Media Studio,Bill Gates
145,"Melinda‚Äôs new book, The #MomentofLift, is out today: https://t.co/sC4eE1Jy8N.

She combines her mastery of data wit‚Ä¶ https://t.co/Gbz9r4Ts8U",8174,819,2019-04-23 14:04:43,Twitter Web Client,Bill Gates
146,"On #EarthDay, I‚Äôm inspired by the inventors who are tackling climate change and all the people who are supporting t‚Ä¶ https://t.co/bw0imff81U",10088,2189,2019-04-22 14:25:47,Twitter Media Studio,Bill Gates
147,Melinda‚Äôs new book The #MomentofLift is an urgent call to action. I‚Äôll commit to the lift by working to ensure that‚Ä¶ https://t.co/RW2elIYTC5,3272,452,2019-04-20 18:55:52,Twitter Web Client,Bill Gates
148,Gene drive is a technique where you give a few mosquitoes an edited gene and it drives itself into all their offspr‚Ä¶ https://t.co/DODBKVfYRE,4593,891,2019-04-20 15:40:57,Sprinklr,Bill Gates
149,"Less than a century ago, families everywhere lived in fear of a mosquito bite. Now 75% of all malaria cases occur i‚Ä¶ https://t.co/3UlIb4iuwe",8073,1725,2019-04-19 21:00:00,Sprinklr,Bill Gates
150,3: Which of the following factors affect the spread of malaria? The answer is in my latest blog post: https://t.co/Vv1rQ79zSJ,1416,224,2019-04-19 14:22:50,Twitter Web Client,Bill Gates
151,2: What kind of pathogen causes malaria? Find the answer here: https://t.co/tUPDUDpfK7,1351,232,2019-04-19 14:22:49,Twitter Web Client,Bill Gates
152,"Biology pop quiz! Test your knowledge about the world‚Äôs deadliest animal: the mosquito.

1: Of the 3,000 species of‚Ä¶ https://t.co/VkHLU3bRUa",2626,504,2019-04-19 14:22:49,Twitter Web Client,Bill Gates
153,"Here‚Äôs one reason why I really, really hate mosquitoes: https://t.co/DDG0kG692T #MosquitoWeek https://t.co/7qTfCLDKmu",9393,2552,2019-04-18 14:17:01,Sprinklr,Bill Gates
154,"I‚Äôve been fascinated by Leonardo da Vinci for decades. Although he died 500 years ago, there‚Äôs still so much to lea‚Ä¶ https://t.co/kWp8kF3uij",10452,1140,2019-04-18 00:17:00,Sprinklr,Bill Gates
155,Precision maps are bringing us closer to the day when malaria is gone forever. https://t.co/mxqN60hOJN,4088,564,2019-04-17 13:53:05,Sprinklr,Bill Gates
156,Why I would rather encounter a shark in the wild than a mosquito: https://t.co/6CrnkJ6f31 #MosquitoWeek https://t.co/uB5YFPLgzO,6811,1662,2019-04-16 16:57:00,Sprinklr,Bill Gates
157,I‚Äôm proud that @Microsoft is one of the many companies taking action to fight climate change and excited about its‚Ä¶ https://t.co/PY3rkpaZLV,5983,736,2019-04-16 14:18:28,Sprinklr,Bill Gates
158,"To kick off #MosquitoWeek, I wrote about the world‚Äôs deadliest shapeshifter (and what scientists are learning about‚Ä¶ https://t.co/pDEJiwDU6H",2802,382,2019-04-15 17:18:33,Twitter Web Client,Bill Gates
159,"Shapeshifters are not just the stuff of science fiction, though. We have them right here on earth.",2533,229,2019-04-15 17:18:33,Twitter Web Client,Bill Gates
160,There‚Äôs an epic scene at the end where Spock has to figure out which one is the impostor. https://t.co/yOSI4WyneG,889,78,2019-04-15 17:18:32,Twitter Web Client,Bill Gates
161,"As a teenager, I remember watching an episode of the original Star Trek where the bad guy is a shapeshifter who tur‚Ä¶ https://t.co/MDkPCMhDuC",728,69,2019-04-15 17:18:32,Twitter Web Client,Bill Gates
162,"When I was younger, I loved science fiction. The author I read the most was Robert Heinlein (‚ÄúThe Moon Is a Harsh Mistress‚Äù was a favorite).",7227,617,2019-04-15 17:18:32,Twitter Web Client,Bill Gates
163,They're back... #MosquitoWeek https://t.co/4vt2Vt3fGN,4903,725,2019-04-14 20:48:00,Twitter Media Studio,Bill Gates
164,Young Africans will shape the future of not just their own communities but the entire world. https://t.co/8h83nylCgw,7647,1415,2019-04-14 16:35:52,Sprinklr,Bill Gates
165,Melinda and I were honored to join President Bush and Laura Bush @TheBushCenter. Their leadership of programs like‚Ä¶ https://t.co/BQP0lGr8yo,4981,431,2019-04-12 22:13:01,Sprinklr,Bill Gates
166,I would say this even if I weren‚Äôt married to the author: @melindagates‚Äôs new book ‚ÄúThe Moment of Lift‚Äù is a terrif‚Ä¶ https://t.co/A0R5jBCodI,2679,358,2019-04-12 13:53:32,Sprinklr,Bill Gates
167,I‚Äôve learned so much from Melinda over the years and I‚Äôm delighted she is now sharing her insights with the rest of‚Ä¶ https://t.co/LwZ6b7ZUQT,5617,718,2019-04-10 12:04:00,Twitter Media Studio,Bill Gates
168,"I‚Äôve recommended a lot of books over the years, but The #MomentofLift is particularly special to me‚Ä¶ https://t.co/E2ZbzXSCU5",3097,280,2019-04-09 17:15:54,Twitter Web Client,Bill Gates
169,"It also includes insights about our marriage, the path we took to become equals in our work, and how she has helped‚Ä¶ https://t.co/bPl1yUUzM1",3442,219,2019-04-09 17:15:54,Twitter Web Client,Bill Gates
170,She shares her personal journey from private citizen to public advocate -- including how she pushed our foundation‚Ä¶ https://t.co/AHLBpyDXCk,1016,88,2019-04-09 17:15:54,Twitter Web Client,Bill Gates
171,"‚ÄúThe Moment of Lift‚Äù is a wise, honest, and beautifully written book about how empowering women lifts up everyone.",622,93,2019-04-09 17:15:53,Twitter Web Client,Bill Gates
172,".@melindagates is the most important person in my life: an amazing partner, wife, mother, and friend (and now accom‚Ä¶ https://t.co/hD0IU2g1Nv",16073,1373,2019-04-09 17:15:53,Twitter Web Client,Bill Gates
173,"Of the many uses for AI, I‚Äôm particularly excited about how it can help improve the lives of the world‚Äôs poorest. https://t.co/JFoLoWJPEL",6771,1287,2019-04-07 17:05:00,Sprinklr,Bill Gates
174,"In the future, identifying your risk of developing Alzheimer‚Äôs could be as simple as speaking into an app on your p‚Ä¶ https://t.co/KiPC7yEOrx",4579,797,2019-04-05 12:07:01,Sprinklr,Bill Gates
175,"When Paul and I founded @Microsoft together, we were confident that computers would change the world. But we never‚Ä¶ https://t.co/HXfUDLLbGC",15917,2459,2019-04-04 21:27:38,Twitter Web Client,Bill Gates
176,Reducing greenhouse gas emissions from buildings is one of the five biggest challenges in the fight against climate‚Ä¶ https://t.co/qosVNYY1Yq,5122,819,2019-04-04 15:01:02,Sprinklr,Bill Gates
177,Most Americans want to know if they will get Alzheimer‚Äôs as early as possible. That‚Äôs an important insight for scie‚Ä¶ https://t.co/DCWvYneaA1,3623,490,2019-04-03 14:27:00,Sprinklr,Bill Gates
178,"Thanks to major breakthroughs over the last several years, we‚Äôre closer than ever to having a reliable, affordable,‚Ä¶ https://t.co/6EYyMIQXAs",6419,1120,2019-04-02 19:19:33,Sprinklr,Bill Gates
179,This surprised me: there‚Äôs more carbon in soil than in the atmosphere and all plant life combined. Here‚Äôs what that‚Ä¶ https://t.co/P0N3B60WoS,7463,1604,2019-03-31 17:57:57,Sprinklr,Bill Gates
180,Pivot Bio has developed an alternative to synthetic fertilizer that could help transform farming and reduce greenho‚Ä¶ https://t.co/Xkq86DPhrj,6216,1295,2019-03-29 13:49:34,Twitter Media Studio,Bill Gates
181,I‚Äôm thrilled that senators from both sides of the aisle have come together to support advanced nuclear. This is exa‚Ä¶ https://t.co/M8aBLF6AXw,6092,690,2019-03-28 20:28:54,Twitter Web Client,Bill Gates
182,"Nuclear energy is one of these critical technologies. It‚Äôs ideal for dealing with climate change, because it is the‚Ä¶ https://t.co/Egral4oR97",8960,1893,2019-03-28 20:28:54,Twitter Web Client,Bill Gates
183,"To prevent the worst effects of climate change, we need to reach near-zero emissions on all the things that drive i‚Ä¶ https://t.co/1DJw7rfyMd",1689,307,2019-03-28 20:28:54,Twitter Web Client,Bill Gates
184,"Yesterday, a bipartisan group of leaders in the U.S. Senate introduced the Nuclear Energy Leadership Act, which est‚Ä¶ https://t.co/TCpHhPoQao",12207,3151,2019-03-28 20:28:54,Twitter Web Client,Bill Gates
185,RT @gatesfoundation: We‚Äôre celebrating the anniversary of an incredible public health achievement - 5 years since the entire South-East Asi‚Ä¶,0,315,2019-03-27 16:20:19,Twitter Web Client,Bill Gates
186,"We need to reach zero net emissions from every sector of the economy including agriculture (which, along with fores‚Ä¶ https://t.co/SOAoXnmOLj",4204,794,2019-03-26 18:22:43,Twitter Web Client,Bill Gates
187,Most discussions about fighting climate change focus on electricity and the need for renewable energy. De-carbonizi‚Ä¶ https://t.co/6buaK8da0q,5937,1408,2019-03-26 18:22:43,Twitter Web Client,Bill Gates
188,"Five years ago, India was declared poliofree. Whenever someone asks me how they did it, I tell them about one of th‚Ä¶ https://t.co/3UJOpBuRr0",11452,1785,2019-03-25 03:00:01,Sprinklr,Bill Gates
189,I‚Äôm inspired by Azim Premji‚Äôs continued commitment to philanthropy. His latest contribution will make a tremendous‚Ä¶ https://t.co/jWu1g8Fzgh,29077,7311,2019-03-24 15:20:26,Sprinklr,Bill Gates
190,"Thanks to the incredible work of goat nurses, thousands of women in India have an opportunity to lift themselves an‚Ä¶ https://t.co/W2iYncrg9E",9055,1312,2019-03-22 13:57:21,Twitter Media Studio,Bill Gates
191,.@SueDHellmann recently sat down with @CDCFound to talk about how our foundation measures the impact of our partner‚Ä¶ https://t.co/xY1i1X0Ruc,2447,252,2019-03-21 14:06:03,Sprinklr,Bill Gates
192,"Meet the goat nurses, an incredible team of health workers who help women gain financial independence by raising he‚Ä¶ https://t.co/ehtqyNnvaj",7062,882,2019-03-20 14:19:28,Sprinklr,Bill Gates
193,"2019 marks 150 years since the creation of the periodic table. Whenever people visit my office, I like to show them‚Ä¶ https://t.co/ujikQafQxt",14213,2235,2019-03-18 20:00:01,Sprinklr,Bill Gates
194,"If you believe innovation is for everyone, then I have a list for you: 10 challenges that the world needs your idea‚Ä¶ https://t.co/z29h2mYjbP",16042,5834,2019-03-17 23:56:00,Sprinklr,Bill Gates
195,Diversity is good for innovation. This is a great conversation between @robotsmarts and @timnitGebru on the importa‚Ä¶ https://t.co/QaNcykjxJ1,4301,763,2019-03-16 15:11:51,Sprinklr,Bill Gates
196,"If you want to discover what makes a school great, there‚Äôs no substitute for spending time in the classroom. I lear‚Ä¶ https://t.co/nn8vxEHb9h",7846,906,2019-03-15 12:00:02,Sprinklr,Bill Gates
197,Medical advances should be available to everyone who needs them. That‚Äôs why I‚Äôm excited about an inexpensive blood‚Ä¶ https://t.co/u4OaCcxc5v,5963,1044,2019-03-14 14:00:02,Sprinklr,Bill Gates
198,It‚Äôs great to see leaders in Washington talking about accelerating energy innovation to fight climate change. This‚Ä¶ https://t.co/U2LBZe73Rm,3992,554,2019-03-13 18:50:33,Sprinklr,Bill Gates
199,"I was lucky to be a young person when the digital revolution was just getting under way, and my Microsoft colleague‚Ä¶ https://t.co/FnfsCMv5ZV",17422,2452,2019-03-12 13:33:56,Twitter Web Client,Bill Gates
0,RT @TreasurySpox: It‚Äôs been 1Ô∏è‚É£ year since President @realDonaldTrump announced the new US-Mexico-Canada trade agreement. USMCA will be a w‚Ä¶,0,5872,2019-10-22 00:46:43,Twitter for iPhone,Donald J. Trump
1,"RT @RepAnnWagner: As a cosponsor of the resolution to censure Rep. Adam Schiff, I was disappointed Nancy Pelosi did not even allow a vote o‚Ä¶",0,6447,2019-10-22 00:43:14,Twitter for iPhone,Donald J. Trump
2,RT @RepJohnJoyce: It is disappointing that House Democrats blocked a vote to condemn and censure Chairman Adam Schiff for lying to the Amer‚Ä¶,0,6246,2019-10-22 00:42:47,Twitter for iPhone,Donald J. Trump
3,"RT @RepLaMalfa: Tonight, I joined @SteveScalise, @RepAndyBiggsAZ, &amp; @HouseGOP in voting to censure Rep. Adam Schiff. 

Of course, Democrats‚Ä¶",0,4020,2019-10-22 00:42:26,Twitter for iPhone,Donald J. Trump
4,RT @dogoodmore: Lawmaker leading charge to censure Adam Schiff says he's engineering 'total political hit job' on Trump https://t.co/TgFQ9y‚Ä¶,0,3113,2019-10-22 00:41:50,Twitter for iPhone,Donald J. Trump
5,RT @LouDobbs: Condemn Shifty Schiff. @Jim_Jordan on House Republicans voting to censure Adam Schiff. #AmericaFirst #MAGA #Dobbs https://t.c‚Ä¶,0,3482,2019-10-22 00:41:23,Twitter for iPhone,Donald J. Trump
6,RT @RepRickCrawford: Adam Schiff has eliminated the access Republican HPSCI members have &amp; has locked down depositions in a manner that is‚Ä¶,0,4485,2019-10-22 00:41:13,Twitter for iPhone,Donald J. Trump
7,"RT @DJTrumpsButt: RT realDonaldTrump ""RT AmericaNewsroom: THE HEADLINER: Jim_Jordan comments on the latest in the impeachment inquiry as Re‚Ä¶",0,2390,2019-10-22 00:40:47,Twitter for iPhone,Donald J. Trump
8,RT @SaraCarterDC: After almost two months of making a huge deal about the #Whistleblower testimony that would actually #impeach @realDonald‚Ä¶,0,7009,2019-10-22 00:40:20,Twitter for iPhone,Donald J. Trump
9,"RT @RepAndyBiggsAZ: On Monday, I, along with the vast majority of my @HouseGOP colleagues, will press forward with my motion to censure Ada‚Ä¶",0,9033,2019-10-22 00:39:07,Twitter for iPhone,Donald J. Trump
10,RT @GregGutfeldShow: Adam Schiff goes for a physical. #Gutfeld https://t.co/qbeCVVxccs,0,4078,2019-10-22 00:38:44,Twitter for iPhone,Donald J. Trump
11,"RT @SteveScalise: Dems claim their scheme to impeach @realDonaldTrump is fair.

Here's the reality:

- All done in secret
- Led by proven-l‚Ä¶",0,9923,2019-10-22 00:38:23,Twitter for iPhone,Donald J. Trump
12,RT @GregGutfeldShow: Adam Schiff tries to take a nap. #Gutfeld https://t.co/akNEGY6PDd,0,4054,2019-10-22 00:38:02,Twitter for iPhone,Donald J. Trump
13,"RT @Rep_Watkins: The resolution to #CensureSchiff failed on the floor tonight.

I guess Democrats are okay with Adam Schiff:

‚ñ™Ô∏è Spreading‚Ä¶",0,5350,2019-10-22 00:36:37,Twitter for iPhone,Donald J. Trump
14,"RT @RepAndyBiggsAZ: Adam Schiff may not have been held accountable tonight, but the American people are very much aware of his reckless dis‚Ä¶",0,6532,2019-10-22 00:35:45,Twitter for iPhone,Donald J. Trump
15,Thank you Liz. Shows great Republican support! https://t.co/WsuTmv6Tfh,22937,6724,2019-10-22 00:34:16,Twitter for iPhone,Donald J. Trump
16,"RT @newtgingrich: Nancy Pelosi and Adam Schiff have both become embarrassingly dishonest. They, along with the rest of the House Democrats,‚Ä¶",0,5693,2019-10-22 00:32:18,Twitter for iPhone,Donald J. Trump
17,RT @AmericaNewsroom: THE HEADLINER: @Jim_Jordan comments on the latest in the impeachment inquiry as Republicans prepare to file a motion t‚Ä¶,0,2422,2019-10-22 00:31:47,Twitter for iPhone,Donald J. Trump
18,RT @RepAndyBiggsAZ: COMING UP: I'm joining @SandraSmithFox on @AmericaNewsroom to discuss tonight's vote on my motion to condemn and censur‚Ä¶,0,2076,2019-10-22 00:31:38,Twitter for iPhone,Donald J. Trump
19,"RT @USRepLong: I am proud to stand with my colleagues to demand transparency during this ""impeachment inquiry."" Rep. Schiff has demonstrate‚Ä¶",0,3199,2019-10-22 00:31:24,Twitter for iPhone,Donald J. Trump
20,"RT @SteveScalise: Adam Schiff must be held accountable for his lies.

Tonight Republicans will move to censure &amp; condemn him for deliberate‚Ä¶",0,7336,2019-10-22 00:31:07,Twitter for iPhone,Donald J. Trump
21,Thank you Dan and Kevin. Great Vote! https://t.co/MMJ5SanakG,17278,4483,2019-10-22 00:30:49,Twitter for iPhone,Donald J. Trump
22,Will be interviewed by @seanhannity tonight at 9:00 P.M. on @FoxNews. Enjoy!,31293,8551,2019-10-21 23:06:16,Twitter for iPhone,Donald J. Trump
23,"Doral in Miami would have been the best place to hold the G-7, and free, but too much heat from the Do Nothing Radi‚Ä¶ https://t.co/THW5r9YzOG",80200,20712,2019-10-21 13:17:53,Twitter for iPhone,Donald J. Trump
24,"Censure (at least) Corrupt Adam Schiff! After what he got caught doing, any pol who does not so vote cannot be hone‚Ä¶ https://t.co/9e3aXSBYYC",83087,21734,2019-10-21 12:31:43,Twitter for iPhone,Donald J. Trump
25,"Great new book by wonderful and very street smart author Dan Bongino, EXONERATED, THE FAILED TAKEDOWN OF PRESIDENT‚Ä¶ https://t.co/YcSTyDGgjQ",63313,16216,2019-10-21 12:25:26,Twitter for iPhone,Donald J. Trump
26,https://t.co/oSn6amjZo4,39938,13221,2019-10-21 03:54:07,Twitter Media Studio,Donald J. Trump
27,https://t.co/R3Chppjx6S,42580,14752,2019-10-21 02:57:37,Twitter for iPhone,Donald J. Trump
28,https://t.co/6sKKniiOfE,34796,11057,2019-10-21 02:53:32,Twitter for iPhone,Donald J. Trump
29,A Great Democrat Scam! https://t.co/LbkVT7UvXX,44484,14706,2019-10-21 02:07:51,Twitter for iPhone,Donald J. Trump
30,Adam Schiff is a Corrupt Politician! https://t.co/16aSrqjwu2,71871,21001,2019-10-21 02:05:14,Twitter for iPhone,Donald J. Trump
31,"RT @bennyjohnson: üö®IMPORTANTüö®

This is the most crucial statistic of the 2020 election:  

Average American middle class household income:‚Ä¶",0,19104,2019-10-21 01:59:36,Twitter for iPhone,Donald J. Trump
32,Congratulations Barbara! https://t.co/0cYrjL1YOj,34005,7978,2019-10-21 01:57:10,Twitter for iPhone,Donald J. Trump
33,"RT @SecretaryRoss: Since the election of President Trump, the U.S. has added 6.4 million jobs, including 500,000 in the #manufacturing sect‚Ä¶",0,9896,2019-10-21 01:56:05,Twitter for iPhone,Donald J. Trump
34,RT @SecretaryRoss: This action by the Commerce Department sends another clear message to the Cuban regime ‚Äì that they must immediately ceas‚Ä¶,0,5224,2019-10-21 01:55:36,Twitter for iPhone,Donald J. Trump
35,RT @realDonaldTrump: It is ONLY about this! https://t.co/ZB5xPDKs4b,0,21637,2019-10-21 01:54:14,Twitter for iPhone,Donald J. Trump
36,RT @IngrahamAngle: Republicans in the Congress should be asked:  why have you allowed the State Department to become an arm of the Democrat‚Ä¶,0,17769,2019-10-21 01:52:11,Twitter for iPhone,Donald J. Trump
37,"‚ÄúTo the Democrats, Impeachment is partisan politics dressed up as principle.‚Äù @SteveHiltonx @FoxNews",40719,10083,2019-10-21 01:48:35,Twitter for iPhone,Donald J. Trump
38,"So interesting that, when I announced Trump National Doral in Miami would be used for the hosting of the G-7, and t‚Ä¶ https://t.co/tDDMw6CPOd",78119,20372,2019-10-20 22:41:10,Twitter for iPhone,Donald J. Trump
39,"....fiction to Congress and the American People?  I demand his deposition. He is a fraud, just like the Russia Hoax‚Ä¶ https://t.co/Hum7mHfNiV",70027,18385,2019-10-20 21:45:17,Twitter for iPhone,Donald J. Trump
40,....because their so-called story didn‚Äôt come even close to matching up with the exact transcript of the phone call‚Ä¶ https://t.co/SUGMgGZeJ3,62195,15099,2019-10-20 21:45:17,Twitter for iPhone,Donald J. Trump
41,"This Scam going on right now by the Democrats against the Republican Party, and me, was all about a perfect phone c‚Ä¶ https://t.co/nXPfrl25ag",88878,22730,2019-10-20 21:45:17,Twitter for iPhone,Donald J. Trump
42,"Pelosi is now leading a delegation of 9, including Corrupt Adam Schiff, to Jordan to check out Syria. She should fi‚Ä¶ https://t.co/FBznZni7FF",101676,29860,2019-10-20 20:28:28,Twitter for iPhone,Donald J. Trump
43,https://t.co/dNfXkc8uUG,42518,13470,2019-10-20 16:29:26,Twitter for iPhone,Donald J. Trump
44,https://t.co/kNVQf6JdIL,43169,13472,2019-10-20 16:29:14,Twitter for iPhone,Donald J. Trump
45,‚ÄúThe ceasefire is holding up very nicely. There are some minor skirmishes that have ended quickly. New areas being‚Ä¶ https://t.co/TzJkyag5JH,80181,20198,2019-10-20 15:03:13,Twitter for iPhone,Donald J. Trump
46,The WALL is making a very big difference. Even Dems in area are happy! https://t.co/NDzq2oIsHV,76162,19185,2019-10-20 12:44:26,Twitter for iPhone,Donald J. Trump
47,"RT @GOP: Promises MADE, Promises KEPT!
 
#KeepAmericaGreat
https://t.co/oHRgIpFGV1",0,13362,2019-10-20 06:03:14,Twitter for iPhone,Donald J. Trump
48,"RT @IvankaTrump: Thru #WGDP‚Äôs partnership w/ @WorldBank, #WeFi, $2.6 Billion will be mobilized for women entrepreneurs in 26 developing cou‚Ä¶",0,7816,2019-10-20 06:01:23,Twitter for iPhone,Donald J. Trump
49,RT @realDonaldTrump: https://t.co/kNVQf6JdIL,0,16727,2019-10-20 06:00:26,Twitter for iPhone,Donald J. Trump
50,https://t.co/kNVQf6JdIL,51728,16727,2019-10-20 03:26:35,Twitter for iPhone,Donald J. Trump
51,RT @GOP: .@realDonaldTrump is putting AMERICA FIRST! https://t.co/dtzimD1X3d,0,8206,2019-10-20 02:42:10,Twitter for iPhone,Donald J. Trump
52,"So now Crooked Hillary is at it again! She is calling Congresswoman Tulsi Gabbard ‚Äúa Russian favorite,‚Äù and Jill St‚Ä¶ https://t.co/qBeaGRueWS",166790,37012,2019-10-20 02:41:53,Twitter for iPhone,Donald J. Trump
53,Never give up. We are doing GREAT! We are WINNING! https://t.co/MKDn5WStFU,78213,20880,2019-10-20 02:03:29,Twitter for iPhone,Donald J. Trump
54,"....Therefore, based on both Media &amp; Democrat Crazed and Irrational Hostility, we will no longer consider Trump Nat‚Ä¶ https://t.co/qJPYSwIfGP",72483,17434,2019-10-20 01:52:46,Twitter for iPhone,Donald J. Trump
55,https://t.co/dNfXkc8uUG,42655,13566,2019-10-20 01:28:46,Twitter for iPhone,Donald J. Trump
56,.....its own 50 to 70 unit building. Would set up better than other alternatives. I announced that I would be willi‚Ä¶ https://t.co/F3PB9Xzseu,87667,21045,2019-10-20 01:18:24,Twitter for iPhone,Donald J. Trump
57,"I thought I was doing something very good for our Country by using Trump National Doral, in Miami, for hosting the‚Ä¶ https://t.co/lfJvhCW1v0",88021,20855,2019-10-20 01:18:24,Twitter for iPhone,Donald J. Trump
58,"RT @CLewandowski_: Media ignoring Bidens' Ukraine dealings to protect ex-VP, Corey Lewandowski alleges | Fox News https://t.co/U4AjBJoA2g",0,11811,2019-10-20 00:25:45,Twitter for iPhone,Donald J. Trump
59,‚ÄúThe President never told me to withhold any money until the Ukrainians did anything related to the server. The onl‚Ä¶ https://t.co/1Zivgzpe69,77516,20214,2019-10-19 23:28:01,Twitter for iPhone,Donald J. Trump
60,RT @GreggJarrett: Will these parties that disregarded the laws and statutes that protect Americans be held to justice? https://t.co/rIindvX‚Ä¶,0,16890,2019-10-19 23:18:51,Twitter for iPhone,Donald J. Trump
61,See you there! https://t.co/msBoZ1TbNX,37011,8802,2019-10-19 22:26:59,Twitter for iPhone,Donald J. Trump
62,"RT @HouseGOP: ‚ÄúOn their farms, when something needs to get done, our dairy farmers don‚Äôt hem and haw, they don‚Äôt drag their feet and they d‚Ä¶",0,9392,2019-10-19 22:25:56,Twitter for iPhone,Donald J. Trump
63,https://t.co/yvsGhK5N9X,43370,13661,2019-10-19 21:15:17,Twitter for iPhone,Donald J. Trump
64,"Crooked Hillary Clinton just called the respected environmentalist and Green Party candidate, Jill Stein, a ‚ÄúRussia‚Ä¶ https://t.co/X4THYpEAJw",91594,20987,2019-10-19 19:47:51,Twitter for iPhone,Donald J. Trump
65,RT @GOPChairwoman: We've seen a huge spike in enthusiasm since Democrats like Elissa Slotkin and Haley Stevens backed Pelosi's bogus impeac‚Ä¶,0,10449,2019-10-19 19:28:32,Twitter for iPhone,Donald J. Trump
66,"RT @RepDanCrenshaw: Amidst the political noise, it‚Äôs important to ask yourself: ""If Congress wasn‚Äôt so focused on impeachment, what else co‚Ä¶",0,14214,2019-10-19 19:25:53,Twitter for iPhone,Donald J. Trump
67,"RT @VP: While Dems in Congress have been trying to overturn the will of the American people by reversing Election Day 2016, our Admin will‚Ä¶",0,9502,2019-10-19 19:25:03,Twitter for iPhone,Donald J. Trump
68,It is ONLY about this! https://t.co/ZB5xPDKs4b,66800,21637,2019-10-19 19:23:00,Twitter for iPhone,Donald J. Trump
69,RT @DonaldJTrumpJr: Ahhhh good times. Happy third anniversary to one of the great comebacks of all time. https://t.co/KbSos1UApS,0,35630,2019-10-19 19:21:59,Twitter for iPhone,Donald J. Trump
70,"Just another FAKE SUPPRESSION POLL, this time from @FoxNews, of course! https://t.co/x8lYVE7QCo",34269,9697,2019-10-19 19:16:00,Twitter for iPhone,Donald J. Trump
71,RT @NBCNews: NEW: US State Dept. has completed its internal investigation into former Sec. Clinton's use of private email and found violati‚Ä¶,0,9256,2019-10-19 19:10:31,Twitter for iPhone,Donald J. Trump
72,RT @GOP: It's no surprise that far-left Democrats like Alexandria Ocasio-Cortez and Illhan Omar support Senator Bernie Sanders for Presiden‚Ä¶,0,8505,2019-10-19 18:50:54,Twitter for iPhone,Donald J. Trump
73,RT @RepLeeZeldin: I‚Äôve sat through EVERY interview so far of this so called ‚Äúimpeachment inquiry‚Äù &amp; the President hasn‚Äôt done anything to p‚Ä¶,0,24019,2019-10-19 18:16:57,Twitter for iPhone,Donald J. Trump
74,.@RepMcClintock  Thank you Tom. Great interview on @TeamCavuto! @FoxNews,26692,5910,2019-10-19 17:35:40,Twitter for iPhone,Donald J. Trump
75,A Great Book by Kimberley Strassel! https://t.co/TOQcUDmnAR,28337,6924,2019-10-19 17:23:22,Twitter for iPhone,Donald J. Trump
76,RT @ericmetaxas: Here is a LONG and rather revealing interview I did w/@KatrinaTrinko at the @Heritage Foundation's @DailySignal podcast! A‚Ä¶,0,4788,2019-10-19 17:20:20,Twitter for iPhone,Donald J. Trump
77,RT @JudicialWatch: NO MORE VOTER FRAUD: @JudicialWatch President @TomFitton announces 1.59 million ineligible voters to be removed from Cal‚Ä¶,0,8257,2019-10-19 17:09:55,Twitter for iPhone,Donald J. Trump
78,"RT @GOPChairwoman: Nancy Pelosi only cares about her witch hunt, not working for the American people.

It‚Äôs time for Pelosi to put the #USM‚Ä¶",0,6920,2019-10-19 17:08:50,Twitter for iPhone,Donald J. Trump
79,"RT @GOPChairwoman: Everything is bigger in Texas ‚Äì even a @realDonaldTrump rally! Awesome crowd!
https://t.co/rj15fMyHyF",0,6736,2019-10-19 17:08:38,Twitter for iPhone,Donald J. Trump
80,"RT @GOPChairwoman: ""There is a reason President @realDonaldTrump enjoys over 90% approval among Republicans: He is doing exactly what he sa‚Ä¶",0,7391,2019-10-19 17:08:10,Twitter for iPhone,Donald J. Trump
81,RT @GOPChairwoman: ‚ÄúOur country is once again living by two simple rules: buy American and hire American. The economy is booming. Our peopl‚Ä¶,0,7153,2019-10-19 17:07:49,Twitter for iPhone,Donald J. Trump
82,"RT @GOPChairwoman: ‚ÄúThe radical Democrats want to destroy America as we know it.‚Äù ‚Äì @realDonaldTrump
 
We won‚Äôt let that happen! 
https://t‚Ä¶",0,6866,2019-10-19 17:07:24,Twitter for iPhone,Donald J. Trump
83,"RT @GOPChairwoman: Once again, the mainstream media keeps moving the goalposts to attack @realDonaldTrump.
 
Must-watch breakdown of the me‚Ä¶",0,7245,2019-10-19 17:07:17,Twitter for iPhone,Donald J. Trump
84,RT @GOPChairwoman: ‚ÄúThe people of this country know what the Dems are doing. They‚Äôre tired of it.‚Äù - @PressSec https://t.co/PbXGSD8Cpu,0,6802,2019-10-19 17:05:46,Twitter for iPhone,Donald J. Trump
85,"RT @RNCLatinos: Latinos across America are fired up to re‚Äìelect @realDonaldTrump!

¬°Latinos alrededor de los Estados Unidos est√°n motivados‚Ä¶",0,9612,2019-10-19 17:05:22,Twitter for iPhone,Donald J. Trump
86,"RT @GOP: ‚Äú[@realDonaldTrump] has been in office for 3 years. He has sustained an energy and a momentum that we have never seen, and his sup‚Ä¶",0,10059,2019-10-19 17:04:40,Twitter for iPhone,Donald J. Trump
87,‚ÄúI don‚Äôt see anything that constitutes an Impeachable offense - Nothing here rises to the level of Impeachment. The‚Ä¶ https://t.co/9WDifJx3yZ,62525,15754,2019-10-19 17:01:56,Twitter for iPhone,Donald J. Trump
88,"RT @badluck_jones: Free Beacon Reminds Us of Lefty Double Standard Between Brewer, Pelosi Finger Wags https://t.co/R7c5kPzk6m",0,5412,2019-10-19 16:18:27,Twitter for iPhone,Donald J. Trump
89,"RT @charliekirk11: The Obama Administration asked Ukraine to investigate Trump when he was a private citizen

Where were the MSM attacks th‚Ä¶",0,14933,2019-10-19 16:05:52,Twitter for iPhone,Donald J. Trump
90,"RT @charliekirk11: Obama foreign policy:

‚ÄîLet Syria cross his ‚Äúred line‚Äù

‚ÄîHillary‚Äôs Failed Russian Reset

‚Äî$150 Billion in cash to our en‚Ä¶",0,13526,2019-10-19 16:05:30,Twitter for iPhone,Donald J. Trump
91,"RT @RepDougCollins: The Democrats are trying to conduct their ‚Äúimpeachment‚Äù inquiry in secret.
 
We‚Äôll see about that . . . https://t.co/oD‚Ä¶",0,9669,2019-10-19 16:02:50,Twitter for iPhone,Donald J. Trump
92,RT @SaraCarterDC: Democrat anger has grown so irrational that it has burst through the constitutional guardrails which protect our institut‚Ä¶,0,5323,2019-10-19 16:02:06,Twitter for iPhone,Donald J. Trump
93,"RT @brithume: Shouldn‚Äôt these stories contain the obligatory phrase ‚Äúwithout evidence,‚Äù as the so often do when it‚Äôs Trump making the accus‚Ä¶",0,10317,2019-10-19 16:00:58,Twitter for iPhone,Donald J. Trump
94,Thank you very much. Working hard! https://t.co/z8dgzQxkVC,41770,10580,2019-10-19 15:58:49,Twitter for iPhone,Donald J. Trump
95,I agree! https://t.co/mxKKg98NvO,47892,12547,2019-10-19 15:57:54,Twitter for iPhone,Donald J. Trump
96,Texas is great! https://t.co/aJSyPSHJfw,47304,10465,2019-10-19 15:35:12,Twitter for iPhone,Donald J. Trump
97,RT @TomFitton: Coup update. https://t.co/fPoPB7RJUB,0,7470,2019-10-19 15:29:36,Twitter for iPhone,Donald J. Trump
98,RT @TomFitton: HUGE: HUNDREDS of Security Violations Tied to Clinton Emails; CRIME?-Deep State Enemies List Targets @RealDonaldTrump Family‚Ä¶,0,8615,2019-10-19 15:29:32,Twitter for iPhone,Donald J. Trump
99,RT @TomFitton: Coup Update https://t.co/JSN63yh93G,0,5877,2019-10-19 15:28:51,Twitter for iPhone,Donald J. Trump
100,There has never been a greater fraud on Congress. Shifty Schiff is Corrupt. Go Andy! https://t.co/yw57NhKpG2,55434,15601,2019-10-19 15:23:34,Twitter for iPhone,Donald J. Trump
101,RT @Jim_Jordan: .@RepAdamSchiff is now scheduling 2 witnesses a day and plans to conduct those depositions simultaneously. How can Members‚Ä¶,0,18771,2019-10-19 15:15:57,Twitter for iPhone,Donald J. Trump
102,"Such a disgrace that the Do Nothing Democrats are doing just as their name suggests, Doing Nothing! USMCA anyone?",74203,17670,2019-10-19 15:13:27,Twitter for iPhone,Donald J. Trump
103,#StopTheCoup,101325,29928,2019-10-19 12:32:36,Twitter for iPhone,Donald J. Trump
104,RT @ZTPetrizzo: One pro-Trump demonstrator just began hounding @EleanorNorton over the impeachment inquiry: https://t.co/FoywJXN4zi,0,6829,2019-10-19 12:29:38,Twitter for iPhone,Donald J. Trump
105,RT @ZTPetrizzo: Feeling bad for this intern... https://t.co/7WoYCRJbvv,0,5653,2019-10-19 12:28:32,Twitter for iPhone,Donald J. Trump
106,RT @ZTPetrizzo: Here‚Äôs the scene outside of Speaker Pelosi‚Äôs office: https://t.co/G9niU7ATzZ,0,7150,2019-10-19 12:27:52,Twitter for iPhone,Donald J. Trump
107,"RT @WomenforTrump: Today is the day we #MarchforTrump!

While some may be trying to sabotage our efforts, we will not be deterred. 

We wil‚Ä¶",0,8440,2019-10-19 05:11:25,Twitter for iPhone,Donald J. Trump
108,"RT @ZTPetrizzo: Tomorrow ‚ÄùWomen for America First‚Äù will be marching around D.C. &amp; roaming the halls of the Capitol trying to find Pelosi, S‚Ä¶",0,5984,2019-10-19 05:11:06,Twitter for iPhone,Donald J. Trump
109,"Susan Rice, who was a disaster to President Obama as National Security Advisor, is now telling us her opinion on wh‚Ä¶ https://t.co/1IrtH5McCg",129302,34319,2019-10-19 02:59:13,Twitter for iPhone,Donald J. Trump
110,"Pelosi and Impeachment - There have already been 3 Votes, and they‚Äôve all failed miserably. Here‚Äôs why there may no‚Ä¶ https://t.co/Phv5Jtemmt",63082,17335,2019-10-19 02:16:38,Twitter for iPhone,Donald J. Trump
111,"Congressman Michael McCaul, ‚ÄúSchiff‚Äôs inquiry defies Democracy.‚Äù @FoxNews @seanhannity",42451,10569,2019-10-19 02:02:46,Twitter for iPhone,Donald J. Trump
112,"‚ÄúBecause the House has already voted against the Impeachment Proceeding, the current inquiry is totally invalid. Th‚Ä¶ https://t.co/PZIzcO2WiE",66368,18404,2019-10-19 01:57:33,Twitter for iPhone,Donald J. Trump
113,Corrupt Congressman Adam Schiff is angry that Ambassadors that he thought would be good for his fraudulent Witch Hu‚Ä¶ https://t.co/8a8f8mqZb6,115953,30168,2019-10-19 01:28:29,Twitter for iPhone,Donald J. Trump
114,REPUBLICANS MUST STICK TOGETHER AND FIGHT! https://t.co/chnSNURfFx,81569,24976,2019-10-18 23:37:33,Twitter Media Studio,Donald J. Trump
115,https://t.co/Q2ar4LZGM4,66045,18403,2019-10-18 23:29:05,Twitter for iPhone,Donald J. Trump
116,"Think of how many lives we saved in Syria and Turkey by getting a ceasefire yesterday. Thousands and thousands, and maybe many more!",96390,19701,2019-10-18 23:25:50,Twitter for iPhone,Donald J. Trump
117,https://t.co/p5imhMJqS1,64290,16697,2019-10-18 22:39:11,Twitter for iPhone,Donald J. Trump
118,"....He is also my friend! At the same time, I am pleased to nominate Deputy Secretary Dan Brouillette to be the new‚Ä¶ https://t.co/Pcc3G5sxtR",51517,10706,2019-10-18 19:34:21,Twitter for iPhone,Donald J. Trump
119,I want to thank Secretary of Energy Rick Perry for the outstanding job he has done. He will be leaving at the end o‚Ä¶ https://t.co/t1P7C4XOq1,66706,13515,2019-10-18 19:34:20,Twitter for iPhone,Donald J. Trump
120,"Can you believe I am doing this important work for our Country, and have to deal with Corrupt Adam Schiff and the D‚Ä¶ https://t.co/a9HvmsXW6O",149640,33405,2019-10-18 15:51:42,Twitter for iPhone,Donald J. Trump
121,DEFEAT TERRORISM! https://t.co/8WbnLPgWIK,68599,17549,2019-10-18 15:46:14,Twitter for iPhone,Donald J. Trump
122,"....I have just been notified that some European Nations are now willing, for the first time, to take the ISIS Figh‚Ä¶ https://t.co/2x0Hbvck3H",58717,14279,2019-10-18 15:42:37,Twitter for iPhone,Donald J. Trump
123,".....this thinking years ago. Instead, it was always held together with very weak bandaids, &amp; in an artificial mann‚Ä¶ https://t.co/xfVVvkP3Jt",52128,11943,2019-10-18 15:42:37,Twitter for iPhone,Donald J. Trump
124,Just spoke to President @RTErdogan of Turkey. He told me there was minor sniper and mortar fire that was quickly el‚Ä¶ https://t.co/QPkgIfK4F4,68351,16544,2019-10-18 15:42:37,Twitter for iPhone,Donald J. Trump
125,RT @VVFriedman: POTUS discovers a ‚Å¶@LouisVuitton‚Å© bag https://t.co/MuuI2LcVpm,0,5696,2019-10-18 13:11:25,Twitter for iPhone,Donald J. Trump
126,RT @VVFriedman: The ‚Å¶@LouisVuitton Trump ‚Å© ribbon cutting. ‚ÄúLouis Vuitton...cost me a lot of money over the years‚Äù said the President. http‚Ä¶,0,10202,2019-10-18 13:10:56,Twitter for iPhone,Donald J. Trump
127,The USA! https://t.co/Zdj3Lyo76H,57467,12973,2019-10-18 13:09:56,Twitter for iPhone,Donald J. Trump
128,"RT @VVFriedman: So here I am at the @LouisVuitton‚Å© factory with the LV cattle in the LV fields in Johnson County, Texas for the POTUS ribbo‚Ä¶",0,6418,2019-10-18 13:08:57,Twitter for iPhone,Donald J. Trump
129,RT @PressSec: .@LouisVuitton is one of more than 350 companies delivering on the Pledge to America‚Äôs Workers. Thank you for investing in th‚Ä¶,0,9732,2019-10-18 13:08:23,Twitter for iPhone,Donald J. Trump
130,RT @DanScavino: #TrumpRallyDallas #KAG2020 https://t.co/YZ7xrj8l1h,0,9296,2019-10-18 13:07:08,Twitter for iPhone,Donald J. Trump
131,"Democrats are now the party of high taxes, high crime, open borders, late-term abortion, socialism, and blatant cor‚Ä¶ https://t.co/tSNbCqhzVE",100260,31049,2019-10-18 03:39:18,Twitter for iPhone,Donald J. Trump
132,"Tonight, we forcefully condemn the blatant corruption of the Democrat Party, the Fake News Media, and the rogue bur‚Ä¶ https://t.co/LnlkBTfhUx",78067,23025,2019-10-18 03:06:57,Twitter for iPhone,Donald J. Trump
133,"The radical left tolerates no dissent, it permits no opposition, it accepts no compromise, and it has absolutely no‚Ä¶ https://t.co/J5ruRNe7G1",83482,23330,2019-10-18 02:57:07,Twitter for iPhone,Donald J. Trump
134,"Thank you Dallas, Texas - I love you! #TrumpRallyDallas #KAG2020 https://t.co/meWpesDYeM",81599,20115,2019-10-18 02:26:39,Twitter for iPhone,Donald J. Trump
135,"Just arrived at the American Airlines Center in Dallas, Texas. Will be out shortly as we wait for more of you to ge‚Ä¶ https://t.co/ef6YyOIG3p",104890,23336,2019-10-18 00:21:37,Twitter for iPhone,Donald J. Trump
136,"See you soon Dallas, Texas! https://t.co/Sg6xtp1vqQ",64034,13776,2019-10-17 23:22:43,Twitter for iPhone,Donald J. Trump
137,"RT @SarahAMatthews1: Dallas, Texas crowd is getting ready for @realDonaldTrump with a little YMCA ‚ÄºÔ∏è https://t.co/9muhNZqGvZ",0,15128,2019-10-17 23:20:47,Twitter for iPhone,Donald J. Trump
138,"This is a great day for civilization. I am proud of the United States for sticking by me in following a necessary,‚Ä¶ https://t.co/4dKcAXxcHj",164983,37030,2019-10-17 18:13:15,Twitter for iPhone,Donald J. Trump
139,This deal could NEVER have been made 3 days ago. There needed to be some ‚Äútough‚Äù love in order to get it done. Grea‚Ä¶ https://t.co/nkpY0r5ti2,110617,23164,2019-10-17 18:03:25,Twitter for iPhone,Donald J. Trump
140,Great news out of Turkey. News Conference shortly with @VP and @SecPompeo. Thank you to @RTErdogan. Millions of lives will be saved!,103474,26715,2019-10-17 17:29:37,Twitter for iPhone,Donald J. Trump
141,"This number, based on the Economy &amp; how well our Country is doing, would potentially be 75% if not for the Fake New‚Ä¶ https://t.co/wREm2kFsaC",70751,17937,2019-10-17 17:02:43,Twitter for iPhone,Donald J. Trump
142,"RT @GOPChairwoman: House Democrats are engaged in ‚ÄúSoviet style‚Äù tactics in their effort to attack @realDonaldTrump.

So true, @SteveScalis‚Ä¶",0,13914,2019-10-17 15:09:09,Twitter for iPhone,Donald J. Trump
143,"RT @rww_gop: Voters are rejecting the Dems‚Äô baseless obstruction &amp; socialist agenda, and they‚Äôre making their voices heard loud &amp; clear. Su‚Ä¶",0,13295,2019-10-17 15:08:35,Twitter for iPhone,Donald J. Trump
144,As the Witch Hunt continues! https://t.co/klvvwSXq7M,51817,13548,2019-10-17 15:07:46,Twitter for iPhone,Donald J. Trump
145,The Greatest Witch Hunt in American History! https://t.co/sPnloffJMT,57299,15632,2019-10-17 13:14:49,Twitter for iPhone,Donald J. Trump
146,"RT @realDonaldTrump: Years of BAD GOVERNMENT, such a sorry thing to see! https://t.co/H1r2Be2YS6",0,17388,2019-10-17 12:59:25,Twitter for iPhone,Donald J. Trump
147,"RT @realDonaldTrump: ‚ÄúAbout 500,000 human beings were killed in Syria while Barack Obama was president &amp; leading for a ‚Äúpolitical settlemen‚Ä¶",0,43587,2019-10-17 12:58:53,Twitter for iPhone,Donald J. Trump
148,RT @realDonaldTrump: I am the only person who can fight for the safety of our troops &amp; bring them home from the ridiculous &amp; costly Endless‚Ä¶,0,38740,2019-10-17 12:58:35,Twitter for iPhone,Donald J. Trump
149,My warmest condolences to the family and many friends of Congressman Elijah Cummings. I got to see first hand the s‚Ä¶ https://t.co/IVXZYgOkyg,105702,17260,2019-10-17 12:54:55,Twitter for iPhone,Donald J. Trump
150,"RT @realDonaldTrump: THANK YOU, WORKING HARD! https://t.co/sNUppjB4Xm",0,17579,2019-10-17 12:39:03,Twitter for iPhone,Donald J. Trump
151,RT @realDonaldTrump: FAKE NEWS! https://t.co/ta8ii8yetP,0,45839,2019-10-17 12:39:00,Twitter for iPhone,Donald J. Trump
152,"RT @realDonaldTrump: Nancy Pelosi needs help fast! There is either something wrong with her ‚Äúupstairs,‚Äù or she just plain doesn‚Äôt like our‚Ä¶",0,48818,2019-10-17 12:38:27,Twitter for iPhone,Donald J. Trump
153,This is the real story. Thank you Jim! https://t.co/VqJrsUJdiX,61441,16441,2019-10-17 11:54:12,Twitter for iPhone,Donald J. Trump
154,RT @senatemajldr: Washington Democrats have been engaged in a three-year-long impeachment parade in search of a rationale. Prominent House‚Ä¶,0,16477,2019-10-17 04:41:30,Twitter for iPhone,Donald J. Trump
155,"RT @senatemajldr: Already, House Democrats‚Äô impeachment ‚Äúinquiry‚Äù is violating norms and precedent. They are denying Republicans and Presid‚Ä¶",0,9795,2019-10-17 04:41:26,Twitter for iPhone,Donald J. Trump
156,"RT @senatemajldr: Speaker Pelosi is still blocking the USMCA, a major trade deal that would create 176,000 new American jobs. Senate Democr‚Ä¶",0,14472,2019-10-17 04:41:22,Twitter for iPhone,Donald J. Trump
157,I am the only person who can fight for the safety of our troops &amp; bring them home from the ridiculous &amp; costly Endl‚Ä¶ https://t.co/Myfg3mkPGS,155191,38740,2019-10-17 04:39:26,Twitter for iPhone,Donald J. Trump
158,"‚ÄúAbout 500,000 human beings were killed in Syria while Barack Obama was president &amp; leading for a ‚Äúpolitical settle‚Ä¶ https://t.co/77ONloetaY",137975,43587,2019-10-17 04:29:31,Twitter for iPhone,Donald J. Trump
159,"RT @RepThomasMassie: Congress never voted to send troops to Syria, but in five minutes we will be voting on a resolution that disapproves o‚Ä¶",0,18711,2019-10-17 04:14:08,Twitter for iPhone,Donald J. Trump
160,"RT @SteveScalise: People all across the country should be alarmed.

Pelosi and Schiff are trying to impeach @realDonaldTrump behind closed‚Ä¶",0,26068,2019-10-17 04:12:20,Twitter for iPhone,Donald J. Trump
161,https://t.co/ZtCSrCqJcN,72923,21464,2019-10-17 02:26:47,Twitter for iPhone,Donald J. Trump
162,"Hope all House Republicans, and honest House Democrats, will vote to CENSURE Rep. Adam Schiff tomorrow for his braz‚Ä¶ https://t.co/UTBkc10nhf",114805,31785,2019-10-17 01:14:36,Twitter for iPhone,Donald J. Trump
163,"Years of BAD GOVERNMENT, such a sorry thing to see! https://t.co/H1r2Be2YS6",52659,17388,2019-10-17 01:11:05,Twitter Media Studio,Donald J. Trump
164,"‚ÄúWhat has happened here with the Anthony Wiener laptop, the Server, all of the Emails between Huma Abedin and Hilla‚Ä¶ https://t.co/ELyAWDQbdb",87397,27817,2019-10-17 00:58:22,Twitter for iPhone,Donald J. Trump
165,"THANK YOU you Dallas, Texas. See you tomorrow night at the American Airlines Center! #TRUMP2020 https://t.co/fbtzlbroQi",87170,21215,2019-10-17 00:44:39,Twitter for iPhone,Donald J. Trump
166,‚ÄúThis President is the most patriotic President I‚Äôve seen in many years. He is going to do what is good for America‚Ä¶ https://t.co/2JbKc2WqXK,92578,18694,2019-10-17 00:12:38,Twitter for iPhone,Donald J. Trump
167,"Nancy Pelosi needs help fast! There is either something wrong with her ‚Äúupstairs,‚Äù or she just plain doesn‚Äôt like o‚Ä¶ https://t.co/X481eoECXa",192427,48818,2019-10-17 00:00:40,Twitter for iPhone,Donald J. Trump
168,"RT @realDonaldTrump: 95% Approval Rating in the Republican Party. Thank you! Just won two Congressional Seats in North Carolina,  &amp; a Gover‚Ä¶",0,26437,2019-10-16 23:35:47,Twitter for iPhone,Donald J. Trump
169,"The Do Nothing Democrats, Pelosi and Schumer stormed out of the Cabinet Room! https://t.co/hmP4FNhemv",64178,18273,2019-10-16 22:42:40,Twitter for iPhone,Donald J. Trump
170,Nervous Nancy's unhinged meltdown! https://t.co/RDeUI7sfe7,120984,31048,2019-10-16 22:29:35,Twitter for iPhone,Donald J. Trump
171,Do you think they like me? https://t.co/TDmUnJ8HtF,144646,29712,2019-10-16 22:21:51,Twitter for iPhone,Donald J. Trump
172,RT @PressSec: .@realDonaldTrump was measured &amp; decisive today. @SpeakerPelosi walking out was baffling but not surprising w NO intention of‚Ä¶,0,20161,2019-10-16 22:21:24,Twitter for iPhone,Donald J. Trump
173,"I‚Äôm fighting for the American people, but the Democrats‚Äô sole focus is fighting against ME with their fraudulent Wi‚Ä¶ https://t.co/8P09w45uGC",68554,22237,2019-10-16 22:19:13,Twitter for iPhone,Donald J. Trump
174,FAKE NEWS! https://t.co/ta8ii8yetP,142863,45839,2019-10-16 21:17:07,Twitter Media Studio,Donald J. Trump
175,"THANK YOU, WORKING HARD! https://t.co/sNUppjB4Xm",78202,17579,2019-10-16 21:08:16,Twitter for iPhone,Donald J. Trump
176,https://t.co/O8E3i8kJwS,47888,14125,2019-10-16 19:33:24,Twitter Media Studio,Donald J. Trump
177,"Guatemala, Honduras &amp; El Salvador have all signed historic Asylum Cooperation Agreements and are working to end the‚Ä¶ https://t.co/yD17W9yoC2",76695,20273,2019-10-16 18:44:06,Twitter for iPhone,Donald J. Trump
178,"Senator Rand Paul just wrote a great book, ‚ÄúThe Case Against Socialism‚Äù which is now out. Highly recommended ‚Äì as A‚Ä¶ https://t.co/GblFOclQdM",96440,24602,2019-10-16 18:05:43,Twitter for iPhone,Donald J. Trump
179,"Republicans are totally deprived of their rights in this Impeachment Witch Hunt. No lawyers, no questions, no trans‚Ä¶ https://t.co/Qd968Gn6bI",82806,22280,2019-10-16 11:46:25,Twitter for iPhone,Donald J. Trump
180,"Our record Economy would CRASH, just like in 1929, if any of those clowns became President!",131421,29876,2019-10-16 11:29:50,Twitter for iPhone,Donald J. Trump
181,"95% Approval Rating in the Republican Party. Thank you! Just won two Congressional Seats in North Carolina,  &amp; a Go‚Ä¶ https://t.co/XOLNddjsgk",106938,26437,2019-10-16 11:25:52,Twitter for iPhone,Donald J. Trump
182,‚ÄúWhat is happening to President Trump with Impeachment is a Constitutional Travesty.‚Äù @GrahamLedger  The likes of w‚Ä¶ https://t.co/iXGclnCzpW,79602,20180,2019-10-16 11:14:11,Twitter for iPhone,Donald J. Trump
183,You would think there is NO WAY that any of the Democrat Candidates that we witnessed last night could possibly bec‚Ä¶ https://t.co/uDW9RUcdZR,117270,28135,2019-10-16 11:10:02,Twitter for iPhone,Donald J. Trump
184,We now have the greatest Economy in history! https://t.co/8fLOejOpxH,152128,37326,2019-10-16 03:22:00,Twitter for iPhone,Donald J. Trump
185,A great group of Champions! https://t.co/A2ux83427l,44677,9261,2019-10-16 03:16:57,Twitter for iPhone,Donald J. Trump
186,Looks good to me! https://t.co/3aHn7y3ZxI,99119,21868,2019-10-16 03:15:40,Twitter for iPhone,Donald J. Trump
187,"RT @realDonaldTrump: Just out: MEDIAN HOUSEHOLD INCOME IS AT THE HIGHEST POINT EVER, EVER, EVER! How about saying it this way, IN THE HISTO‚Ä¶",0,33303,2019-10-16 03:09:44,Twitter for iPhone,Donald J. Trump
188,RT @realDonaldTrump: Democrats are allowing no transparency at the Witch Hunt hearings. If Republicans ever did this they would be excoriat‚Ä¶,0,23802,2019-10-16 03:09:36,Twitter for iPhone,Donald J. Trump
189,"RT @CortesSteve: As Hispanic Heritage Month wraps up, please see my interview with ‚Å¶@LaraLeaTrump‚Å© about the #TrumpBoom and the benefits fo‚Ä¶",0,4394,2019-10-16 03:08:40,Twitter for iPhone,Donald J. Trump
190,RT @CLewandowski_: Great new book just released by ‚Å¶@RandPaul‚Å©. The Case Against Socialism - Rand Paul - Hardcover. Pick up your copy today‚Ä¶,0,5880,2019-10-16 03:07:30,Twitter for iPhone,Donald J. Trump
191,".... It also brings Shifty‚Äôs fraudulent MADE UP CALL, which he read to the United States Congress pretending it to‚Ä¶ https://t.co/35xVX2E90u",58327,13926,2019-10-16 02:21:54,Twitter for iPhone,Donald J. Trump
192,"Shifty Adam Schiff wants to rest his entire case on a Whistleblower who he now says can‚Äôt testify, &amp; the reason he‚Ä¶ https://t.co/n8QdZpH8Q4",85610,20793,2019-10-16 02:21:54,Twitter for iPhone,Donald J. Trump
193,https://t.co/Kj1LtwYSXa https://t.co/YgXImlvOYd,52651,12823,2019-10-15 22:34:18,Twitter for iPhone,Donald J. Trump
194,"The @StLouisBlues amazing comeback reminds us to never give up ‚Äì and never lose faith. When you work hard, support‚Ä¶ https://t.co/g68uGs3i2R",65118,15006,2019-10-15 20:05:12,Twitter for iPhone,Donald J. Trump
195,"Congratulations @StLouisBlues! 
https://t.co/WjlWYFuiE6",39949,9095,2019-10-15 19:58:53,Twitter for iPhone,Donald J. Trump
196,"Now that we have found out that @CNN is a virtual fraud, rumor has it that Jeff Zucker will be resigining momentarily?",131181,33835,2019-10-15 18:04:56,Twitter for iPhone,Donald J. Trump
197,"Join me in Dallas, Texas this Thursday (October 17th) at the American Airlines Center! #KAG2020

Tickets:‚Ä¶ https://t.co/kEzQhhFyWb",53008,16851,2019-10-15 16:41:36,Twitter for iPhone,Donald J. Trump
198,....He loves our Military and supports our Vets! Get out and Vote for Tate Reeves on November 5th. He has my Complete and Total Endorsement!,45923,11410,2019-10-15 15:57:15,Twitter for iPhone,Donald J. Trump
